<?xml version="1.0" encoding="UTF-8"?>
<project-private xmlns="http://www.netbeans.org/ns/project-private/1">
    <editor-bookmarks xmlns="http://www.netbeans.org/ns/editor-bookmarks/2" lastBookmarkId="0"/>
    <open-files xmlns="http://www.netbeans.org/ns/projectui-open-files/2">
        <group>
            <file>file:/home/wahid/NetBeansProjects/BloodBankManagements/src/bloodbankmanagements/AllDonorList.java</file>
            <file>file:/home/wahid/NetBeansProjects/BloodBankManagements/src/bloodbankmanagements/UpdateDonor.java</file>
            <file>file:/home/wahid/NetBeansProjects/BloodBankManagements/src/bloodbankmanagements/Spalshscreen.java</file>
            <file>file:/home/wahid/NetBeansProjects/BloodBankManagements/src/bloodbankmanagements/RemoveDonor.java</file>
            <file>file:/home/wahid/NetBeansProjects/BloodBankManagements/src/bloodbankmanagements/HomePage.java</file>
            <file>file:/home/wahid/NetBeansProjects/BloodBankManagements/src/bloodbankmanagements/BloodBankManagements.java</file>
            <file>file:/home/wahid/NetBeansProjects/BloodBankManagements/src/bloodbankmanagements/Login.java</file>
            <file>file:/home/wahid/NetBeansProjects/BloodBankManagements/src/bloodbankmanagements/connectiondb.java</file>
            <file>file:/home/wahid/NetBeansProjects/BloodBankManagements/src/bloodbankmanagements/AddDonor.java</file>
            <file>file:/home/wahid/NetBeansProjects/BloodBankManagements/src/bloodbankmanagements/SearchDonor.java</file>
        </group>
    </open-files>
</project-private>
